defect,laserPower,rpm,feedRate
0,499.6320951,962.8323221,33.55351154
0,960.5714451,1854.752368,32.22809192
0,785.5951534,2682.36459,91.56291225
0,678.9267874,2330.562216,32.45915799
0,324.8149124,2516.40287,34.47547535
0,324.7956163,2146.958417,78.34584362
0,246.4668897,2230.691411,50.47658582
0,892.9409166,2622.989129,79.90395013
0,680.8920094,1124.170022,15.88295418
0,766.4580622,1723.562409,53.88140743
0,216.4675954,1053.023605,13.02522402
0,975.9278817,2969.17002,15.63878831
0,865.9541126,2860.148349,91.5793708
0,369.8712885,598.5670284,22.5320834
0,345.4599738,2263.937931,57.9178614
0,346.7236079,2813.120794,46.99860423
0,443.3937944,951.4383628,41.26089936
0,619.8051453,1919.863076,90.98500111
0,545.5560149,2788.720744,11.96410571
0,432.9833122,584.8649465,69.74107176
0,689.4823158,2243.550668,96.70549908
0,311.5950885,1243.372518,60.41513651
0,433.7157188,2810.990488,94.31402158
0,493.0894746,2927.645613,14.70320914
0,564.8559874,2860.666223,47.69139872
1,828.1407691,1685.535542,33.41420119
0,359.7390257,2655.106627,75.77388685
0,611.3875507,2611.373496,98.31673814
0,673.9316551,1297.751183,33.08770562
0,237.1603302,2572.288685,68.87571413
0,686.0358815,592.5190868,27.82878695
0,336.4192989,1990.674696,60.87972291
0,252.0412744,1075.022093,51.7539238
1,959.1084298,801.4172144,97.48047967
1,972.5056265,692.3830041,64.76745454
0,846.7178785,2240.72194,41.45557349
0,443.6910153,1349.687409,20.26862064
0,278.1376912,2311.916929,23.61221459
1,747.3864212,663.390852,30.2785237
0,552.121995,1288.225845,32.58699952
0,297.6305879,1848.728231,86.55544521
0,596.1415281,2476.807912,60.51005095
0,227.5108169,1296.881257,57.10518202
0,927.4563217,2064.728441,20.32919847
0,407.0239853,2714.944371,87.4125724
0,730.0178275,2039.65797,75.05328729
0,449.3688609,1082.398687,16.09015257
0,616.0544169,561.0019539,73.70515875
0,637.3682235,2675.247185,58.91843956
0,347.8835644,553.1735271,17.35528112
0,975.6677022,2686.754182,51.24705774
0,820.1062587,1822.342835,53.62266584
0,951.5991533,2847.669246,24.91970861
0,915.8618803,2496.958089,95.11283323
0,678.319983,2994.835276,86.49778343
1,937.499388,1376.779539,70.21201036
0,270.7940016,2417.970722,51.60660049
0,356.7862899,1504.827284,47.05889874
0,236.1818311,1699.689051,68.58761204
0,460.2642646,2068.763658,59.08886825
0,510.9418318,2684.192785,15.60457953
0,417.0792254,2960.208673,56.12523839
0,862.9900073,2420.683535,82.57632555
0,485.4026614,1544.416955,51.33158898
0,424.7476077,1553.392506,14.67609198
0,634.1568665,2343.955754,80.76503794
0,312.73938,1096.942864,28.12274039
1,841.7575846,776.1852828,33.27587514
0,259.6405149,1386.555394,24.82357181
0,989.5095493,1218.097479,39.71935584
1,817.7958154,1240.770301,78.10763551
0,358.9725452,1084.019378,56.74472736
0,204.4176937,605.2329741,28.43931467
1,852.3691428,544.6848368,89.00470703
0,765.4858751,2969.305974,89.16236695
0,783.2057344,1569.432834,88.35205825
0,817.0162773,1460.816618,31.49165902
0,259.2357214,2199.118207,50.61154098
0,486.7725828,1045.63472,98.64906905
0,292.6952476,2874.90296,79.48112287
0,890.4827407,2465.862536,12.44506791
0,698.6385015,723.5275058,15.86841321
0,464.7184199,1543.951939,51.75382391
0,250.8466802,2697.795769,91.82981853
0,448.7858574,2861.830056,58.48316182
0,460.1466576,1668.503778,54.80312572
0,783.6849427,2033.528473,19.492633
1,710.0459771,917.5848652,69.11020943
0,909.7701941,2977.921565,83.98928445
0,577.7719401,1079.179253,44.23780068
0,295.6753968,2856.829435,79.80506658
1,770.5958298,2124.116622,96.80289885
0,808.6280389,2019.341987,28.33898132
0,649.0217581,1781.721278,57.09966681
0,816.773744,1076.674529,35.84241623
0,595.0364771,941.32008,81.35689771
0,618.1862635,1051.215523,61.98340293
0,542.0328147,966.0956554,67.11241758
0,220.3353014,2448.961184,81.81227437
0,220.3353014,2448.961184,81.81227437
0,286.3131416,1375.313148,45.63734254
0,225.1433485,644.6066914,92.35810616
0,709.128329,2922.756575,57.97259805
0,451.4847849,2709.464712,24.21593406
0,606.8565529,2819.380708,72.63092064
0,926.0531791,2987.269557,81.39352154
0,399.4337833,934.738123,38.50855094
0,528.3063384,1490.605047,87.14613313
0,804.4409108,2395.596189,91.55289293
0,383.0385324,2240.051545,34.92140386
0,261.5839279,884.7397658,98.51693254
0,431.8011623,2539.582812,22.66403752
0,328.9770298,1061.10143,28.18141016
1,943.7581219,1059.544037,26.58023553
0,846.4963037,1842.436057,90.4590739
0,706.7230052,1982.349837,68.88632971
0,897.1684722,1950.21552,23.68938549
0,842.9376615,728.7170935,49.62910765
0,349.2560471,2693.652157,65.37682226
1,914.0471988,1164.000106,17.51176765
0,631.4737935,823.7873032,89.41747316
0,845.9521241,2721.8702,82.32431819
1,916.8730399,2889.128746,55.46860962
0,454.40278,2655.319043,97.04139537
0,288.0415396,2523.790187,47.59848813
0,382.34813,2138.104952,98.56992871
0,541.6862309,1877.143427,70.11279989
0,854.4118127,717.4668998,67.12041459
1,888.5844666,1521.133033,24.93594058
0,205.5617044,1431.721293,89.37349825
0,608.5978421,1149.384459,48.47407191
0,533.9288025,2308.550284,24.60100652
0,377.6862484,1739.689338,11.1346768
0,295.8922939,702.6155398,60.37801153
0,470.0921371,1050.458005,57.46596599
0,954.3277631,2208.146909,74.74182601
0,458.5623456,690.3271487,90.12322477
0,615.0324974,2628.017285,17.14659262
0,762.4151671,1737.866318,75.83468413
0,490.9036819,1701.466443,26.86707497
0,977.4256662,1981.019462,87.23593478
0,969.957836,2561.702415,83.71571625
0,401.4258367,1369.52302,58.67143795
0,597.7988047,2195.040381,73.92185188
0,440.7026479,1914.32991,38.29151019
0,427.8723955,1167.570675,52.4051109
0,229.5095579,2696.574966,83.94732079
0,687.6514672,2493.565054,51.33386775
0,602.1432186,2146.129587,42.20184388
0,241.183001,2626.454323,54.47912025
0,422.9171714,2668.235502,84.54243272
0,926.6127088,2270.907442,40.16872426
0,391.6495125,2592.533321,25.63854338
0,315.9158977,2243.678654,74.08126183
0,591.5622082,2200.351929,84.33803914
0,988.5203633,2046.528446,19.05737307
0,393.6442172,2381.791599,31.58867015
1,737.7084379,896.5127632,22.77747908
0,809.2956923,2702.176898,41.31472704
0,390.1100352,2679.608819,50.5315881
0,782.5730789,573.1182076,77.39437033
0,494.2265062,2564.541876,68.60328264
0,705.8446645,822.1746687,65.88357107
0,706.8237686,1337.797136,41.71374519
0,628.6197473,2358.770641,85.73027978
0,272.231816,901.8997401,52.41584507
0,868.2419965,2544.91756,98.11944442
0,456.624052,2580.335445,67.07279245
0,349.2148083,1768.669334,21.36382674
0,232.6201132,515.9646793,70.85598059
0,672.7143546,1217.595333,39.25936139
0,742.0514895,2042.317296,71.7694477
0,213.2702631,2952.965445,16.26770333
0,609.6744466,2079.533818,25.73932935
0,381.1966202,1149.508953,87.0163533
0,716.1382323,2085.014258,30.44616013
0,339.4931432,1849.963449,85.33370127
0,752.7501905,2449.613488,35.13484796
0,509.388277,767.4515971,67.85937191
1,949.383991,2402.569756,72.47355162
0,310.0167553,1853.166447,56.13892778
0,472.8530808,2907.48001,37.4779609
0,290.778817,1354.680415,29.13799387
0,939.7548946,2081.554733,12.98704191
0,901.8714827,2830.070264,37.35517611
0,406.3533022,756.27432,68.78465115
0,727.9872368,2843.071218,94.44743366
0,853.7777602,2219.714306,88.4084034
1,644.1606493,669.5926478,78.94582989
0,623.7204627,1252.408917,80.96026089
0,393.4818327,2270.430222,69.84864131
0,274.4822142,668.3765037,33.42581718
0,917.7726064,1955.42615,91.64755276
0,920.3344457,1364.707642,70.36590807
0,706.4811658,2052.288794,60.43965679
1,471.2238328,614.3550845,19.98905223
0,479.3676597,2678.842015,50.23499894
0,780.7645431,2933.722423,51.43224441
0,917.688208,2922.194638,87.81072486
0,909.6691394,2374.129579,59.19833982
1,823.9004367,825.2156003,44.23604941
0,713.6253169,2395.65799,97.91202957
0,267.311972,561.4672911,19.9648534
0,329.3029713,555.3088788,48.02935855
0,918.8433508,1309.025548,13.78222077
0,685.1432477,1721.607976,76.59137087
0,207.3576413,2426.018545,92.6268897
0,281.1772343,2208.238442,35.20335966
0,730.8014153,1614.756766,87.25075091
0,204.0492671,1184.066666,36.29964074
0,328.6464411,2992.81125,91.96931455
0,638.9870315,1565.453256,77.85657132
0,753.5161582,1628.467561,82.44160992
0,721.5690076,909.059553,11.62059
0,379.4154476,2487.023872,96.65293214
0,769.7433771,2234.205564,75.40038929
0,389.79927,1051.924032,37.42759858
0,460.3197585,705.952614,84.64551984
0,797.1931241,2201.248255,35.33690786
0,719.7063192,2136.278036,88.54784556
0,879.3787284,1183.148817,20.13223514
0,726.0903138,2877.158906,73.33173797
0,654.6468827,877.6447295,58.6628629
0,274.9398143,1580.837003,18.68810232
0,494.1726424,2859.0398,31.77044454
0,412.1618941,1549.318292,11.11636326
0,395.1917147,2096.314869,52.18911689
1,978.4084438,1493.985995,37.11387347
0,514.4781797,1185.538006,63.85217359
0,913.6372441,2959.94412,36.75140269
1,704.9109008,1523.335016,36.99272004
0,835.8490428,2735.248009,76.88738789
0,602.1096745,1074.886515,14.33285524
0,661.5231077,1032.76176,91.26054957
1,594.0141551,577.8352072,86.7037487
0,356.1943902,2129.167063,70.10242149
0,777.9616922,1421.315859,63.38994131
0,424.61789,2660.895625,90.30722483
0,219.4527731,1683.024767,26.67971616
0,716.3778367,2920.48357,17.1072246
0,341.6885435,963.8137893,31.55591529
1,952.3668675,2671.55792,81.51204508
0,963.1428616,2441.492132,13.12032401
0,931.8915122,2427.304612,62.45261516
0,496.1269602,2611.95807,99.58937646
0,212.3652932,2402.559977,87.01264845
0,942.6548501,2065.550804,56.93011201
0,542.5473187,828.1121942,15.72768184
1,973.3238552,581.3154487,84.82361629
0,970.8959817,2802.11962,63.90806574
0,882.4075644,2041.625786,20.34396974
0,435.5591137,2491.343227,18.44715563
0,508.0781829,1703.805879,91.86641375
0,880.9093372,793.2704724,70.22802366
0,453.5376041,812.9644805,84.63581194
0,335.5941973,2213.913218,89.10810103
0,645.44101,1575.764737,61.45951168
0,948.9238193,1001.311817,56.57017166
0,756.8238373,1728.986367,48.73846693
0,656.0489361,660.5223427,38.5251929
0,277.741195,1954.928505,49.11363648
0,692.0057814,1172.483511,79.64916902
0,992.0430801,2493.897752,64.17310879
0,312.0672122,1275.904897,90.3270961
0,614.6637219,1638.050373,49.90420129
1,901.8984575,529.0513498,64.63806208
1,792.6148942,681.1172195,66.81767978
0,757.6125928,1481.233891,63.25274461
0,761.9872672,1699.847087,73.23703958
0,487.592921,2000.05137,31.36901215
0,434.8734754,1229.156447,56.11273998
0,847.4889244,2237.454715,19.38023225
0,848.0907157,2650.305993,44.60601949
0,893.6578549,2449.627472,53.89003618
1,930.592442,599.0470634,68.70018336
0,609.0739191,1701.267368,95.54779473
0,601.2130357,762.325446,64.05859599
1,838.6361432,1105.11254,76.92345246
0,719.9711446,2966.656483,55.56394535
0,761.5735018,856.2388573,67.06936282
0,836.6341355,1747.220384,16.38389945
0,912.0042735,2045.389336,32.89524228
0,470.3961255,2256.162426,42.56677839
0,500.4663621,1899.121709,52.52440195
0,275.1855519,524.4271185,14.1083871
0,662.6241128,1316.153271,22.60216878
0,228.753819,1794.279108,34.9132877
0,572.4784145,719.6662479,97.43794218
0,634.1157078,1376.567328,39.82123064
0,429.2330017,583.007772,53.38369523
0,672.6666085,696.4462429,27.64879415
0,224.4002,1492.308191,64.9702064
0,229.878551,831.7893851,35.2614894
0,858.0804485,1918.852121,28.62933206
0,488.1525131,2223.662423,56.49153656
0,301.6484101,2501.466748,10.49552192
0,617.794608,1000.375611,10.68976294
0,815.9948425,918.7064556,29.71619282
0,372.656822,761.4196008,13.30492263
0,698.3123807,2091.075624,19.72231787
0,268.277972,2266.189316,40.49745844
0,241.3453769,578.9653621,82.23271116
0,625.0837053,2840.530616,61.4843779
0,632.5080973,629.9282091,56.14009534
0,709.9439212,1853.240838,36.41399409
0,780.873067,2272.651299,93.85783475
0,980.6816636,2677.422809,45.73135371
0,613.0402786,2285.21733,17.83834901
0,458.3651784,2504.320208,65.53598645
0,836.1489558,1348.625481,20.24545541
0,416.665801,2537.062784,41.07008285
0,551.1771366,700.287116,55.66707448
0,262.7651051,2737.04164,88.68002722
0,220.2805947,1868.98094,54.41919223
0,970.1187317,2543.244425,73.20328894
1,868.7840964,1630.795711,99.35351551
0,756.7793649,2108.944238,21.83402079
0,527.1623555,1816.006652,34.7258373
0,338.6354561,2328.973804,45.5118468
0,325.1496341,704.0749551,47.96453607
0,400.1943185,650.88021,46.99189677
0,639.3813318,1117.758085,91.68499023
1,771.6767382,898.8617003,74.262938
0,728.1579014,2679.458916,64.71146927
0,423.9471176,1048.034968,37.84354461
0,963.8922245,2939.66314,84.14113458
0,790.3175334,1342.239479,95.95544603
0,643.483242,955.2947892,83.90784543
0,689.376597,2474.246268,10.14085947
0,535.6800499,2146.769439,67.27612332
0,398.1847916,1745.489291,14.60218433
0,484.7781429,1888.408877,33.18464983
0,806.2768884,2298.004446,15.35722303
0,211.5147909,1071.136853,64.34159077
0,292.8581124,2990.83479,71.79309221
0,236.8021136,2936.982905,20.30388743
0,232.5830419,2125.814216,44.54549947
1,884.3684672,998.8561273,51.06128581
0,762.9262875,2200.570606,43.21477196
0,579.3390633,680.4960224,20.89225004
0,278.2673285,576.6312555,47.70530112
0,593.2927001,1144.207221,77.6060243
0,578.7774166,1656.557392,16.39068981
0,338.5614959,2670.681264,17.21620127
0,547.0813194,2317.922674,41.92941627
0,518.8037875,2356.766303,94.75531405
1,692.6800784,1563.733336,70.17153821
0,708.0749207,1364.837481,71.0802961
0,236.2432078,1427.596907,42.57279918
0,499.6900917,2969.123909,63.42947121
1,700.6879326,600.2729785,10.91180656
0,602.5090069,2667.57874,67.24864418
1,885.191873,1946.688521,92.19582528
1,726.9549053,1596.538548,65.13161215
0,330.3475417,2313.144151,88.63287341
0,256.4549979,1716.672354,75.15757499
0,713.9354226,2683.558095,20.85025748
0,221.2090484,2751.75466,91.22079766
0,668.620465,1554.302317,15.97994599
0,952.1841931,1192.069493,58.05707253
0,660.3793423,1980.875821,22.79234114
0,510.535941,2780.908364,11.05359497
1,714.6305748,1026.655473,47.98308341
0,566.6023124,2057.416459,36.55366369
0,636.4934315,2078.90055,53.74004444
0,953.171847,2332.782556,61.94798981
0,508.8821102,828.9192128,13.93651651
0,968.9524511,2289.562412,21.07029656
0,924.2805136,2772.581302,60.27781568
0,356.6329078,949.2077722,40.88506179
0,255.4890407,1093.858312,75.62561388
0,280.6224011,2928.487735,68.70624837
0,214.5774605,952.4423818,86.10439267
0,275.5543686,2635.962733,72.3243544
0,746.4054187,1730.694641,48.69379697
0,256.9509188,1118.077686,70.56699602
0,455.1805042,2676.874753,34.78430568
1,875.9002488,1613.263138,37.56821489
0,218.6175486,1787.043385,81.00866439
0,851.5747861,1398.083423,50.17775648
0,425.4838198,1982.377129,81.85423065
0,294.5318621,908.8096815,84.01801363
1,757.3897323,1477.703842,87.18061039
0,703.1542774,2923.530806,92.49717123
0,901.9776108,1145.333582,48.78866985
1,788.056835,2141.841661,38.69801365
0,842.7847443,1312.975161,62.39788719
0,425.6276581,2433.682814,43.40551811
0,341.951635,827.1841518,64.09667501
0,800.4918013,2924.552613,73.50272764
1,845.4677914,1634.473853,71.95645166
1,992.4041136,1090.126158,43.70975983
0,530.0941415,683.7418683,25.01741815
0,497.6144686,924.3947627,48.74764046
0,821.1303686,1799.434871,22.83347297
0,472.6428322,1342.507941,90.10873317
0,944.6058605,2572.208415,41.12897147
0,886.7302015,1577.218809,23.90137725
0,543.1952219,1121.785681,12.29029839
0,800.6968542,2042.862467,68.12401477
0,803.6342993,2266.943042,67.32120857
0,282.4990951,917.6047698,40.65437499
1,922.0423253,919.0480407,16.45407
0,604.201898,591.6785673,46.86660054
0,861.1659729,2341.005038,38.00957456
0,456.0396808,2159.511319,70.94085758
0,916.4185828,1686.577189,64.52013245
0,511.361343,2610.426122,42.81343554
0,208.6701212,2514.175382,29.61032988
0,924.3055811,1963.385911,98.92323695
0,273.0293414,2670.678201,50.86014591
0,455.4509101,1014.603025,71.94468122
0,960.0495736,779.7990485,22.64976708
1,960.4857176,1174.374029,53.70307297
0,658.7503105,642.7171402,12.47830479
0,705.4697697,1827.92382,55.49096061
0,558.7564176,2841.514231,96.76156664
0,434.5686174,598.3588517,44.57860417
0,462.9316363,805.274785,13.50964113
0,738.0147649,1630.497571,12.78602118
0,801.8996236,2834.687544,44.9188084
0,833.263235,1290.390262,24.40224428
0,831.6945142,1768.087022,12.10168867
0,272.9648824,603.9321476,78.05922526
0,595.5362438,870.8580024,51.2670708
0,246.047008,2966.575307,36.03202948
0,639.6231059,2912.796741,91.00748647
0,553.2244011,512.3499523,20.45250642
0,910.1633462,2879.529464,96.03269461
0,480.73201,2097.799845,38.25700456
0,293.6536131,2669.795736,89.95633051
0,314.3933456,1636.849639,64.26485888
0,809.2085054,1788.990071,84.40366238
0,694.5744507,1722.116451,98.56118469
0,280.8981409,2167.160644,35.9564894
0,267.2854449,849.1281369,96.50219369
0,760.7753052,574.9339747,45.05337054
0,258.2104051,1269.824854,44.69607143
0,857.4880474,2261.701907,40.63483938
0,764.9937817,1004.63363,58.72668466
0,265.0790245,2183.581083,23.87305389
0,267.8701713,2924.780115,59.83403368
1,989.3116628,734.7517895,58.75343312
0,499.4166366,2181.505296,78.57116313
0,496.5137177,1609.375548,85.02849657
0,850.2396538,2670.355636,49.63972153
0,957.7988619,942.8744736,37.20999244
0,988.8008511,2231.564881,33.34014076
0,802.7025482,2595.288224,27.5161453
0,501.0076684,2861.535549,15.1882824
0,266.8005734,2208.120071,40.8203181
0,821.7175327,1742.93691,34.32229229
1,646.7233998,2044.618101,96.97756473
0,539.3776074,2672.262461,60.19379436
0,925.0835081,1926.524367,41.25493351
0,288.9579858,575.9676492,62.24208409
0,594.1000834,2827.371739,22.52770312
0,209.0829158,2223.816878,49.96393743
0,574.9285136,2191.283464,66.36108893
0,245.0426205,1039.187881,54.00080486
0,295.054333,2147.213676,46.16009206
0,294.0209974,1484.661014,99.446355
0,719.3682417,2128.082443,89.22832859
1,796.8359034,766.4825758,66.10653623
0,666.6950121,2144.613262,61.24396251
1,969.7380388,2998.534314,65.85944318
0,499.8964636,620.5300972,28.1180897
0,428.569669,2942.935461,45.56239689
0,894.8793026,1517.269902,13.55135796
0,378.8766708,2676.883626,52.79914337
0,970.5780316,2455.96371,58.87221256
0,209.7235798,1917.540652,30.49747625
1,975.9030614,2346.123023,96.76259624
0,234.5279296,2696.288903,91.85091498
0,912.914491,1510.350804,74.99289119
0,622.1608873,1317.582904,58.00479659
1,994.3718369,2168.983464,88.29722437
0,259.0372518,2519.614855,21.75871094
0,643.0834275,2405.712837,81.14588148
0,975.4420285,2494.534122,21.23387326
0,618.4782753,1588.958287,81.47895963
0,703.5189105,2544.58554,34.81908114
0,756.5989512,800.5226384,88.93815229
0,563.6328518,1861.222745,94.96378844
0,702.0464641,514.3966512,23.39163725
0,667.4514495,1311.464575,51.64080446
0,920.9264084,1416.153837,98.28886403
0,236.3571043,1490.431729,53.50666924
0,424.7705517,2238.668017,87.71927703
1,960.3291873,1471.395253,62.98583699
0,912.2110271,1621.734057,43.77969171
0,564.5254022,1093.860327,35.72052
0,696.1060782,1433.129479,28.2900782
0,421.9049464,1068.174068,78.56183722
0,350.4969278,682.9898094,44.78864561
0,570.958724,2008.621483,56.0147916
0,482.6817824,2170.531996,54.3092932
0,666.9248895,2048.725865,61.95511263
0,262.1877096,1658.73511,87.90194311
0,979.5158461,1449.46445,98.26654092
0,988.9685956,2658.334124,46.68257877
0,758.5293712,1797.704463,84.47670299
0,628.8770931,1697.954694,78.80750152
0,447.622093,564.1051645,61.61760563
1,851.0360158,1353.119569,96.04424293
0,747.784938,1450.489047,28.0427064
0,330.0935515,1497.056952,19.83377893
0,928.7417476,1950.430923,86.85657703
0,858.0297943,1834.006367,49.5234835
1,959.8399306,2019.762732,86.22719688
0,780.5756067,2412.208154,90.37811847
0,690.7321567,2532.464347,15.62118343
0,534.594429,2295.307691,89.51182867
0,946.1827867,2888.80924,50.34871498
1,892.8511116,545.5814567,55.93892401
0,236.1749361,989.4449642,66.393326
0,221.0935796,518.9071874,93.37443461
0,501.1706935,2118.686785,11.7204485
0,848.4426646,2745.076372,52.91591215
1,989.8209035,1108.705741,71.89498382
0,320.3335129,2817.586362,75.04362619
0,675.3045723,650.6684757,72.32791884
0,504.7126853,2836.090067,22.09916165
0,975.9315183,1379.056718,36.94560295
0,873.6951385,753.5520711,42.28439729
0,870.6629638,1714.679398,82.39934869
0,574.9545278,1141.941419,35.08838852
0,531.8556019,1212.182255,28.96344675
0,418.7256575,1268.224912,96.17032171
0,245.1003973,2507.564745,10.79769566
0,891.777901,1847.903192,99.80387701
0,850.3208073,1278.269248,70.9139169
0,999.7741386,2025.834458,84.56223695
0,997.3094697,2290.376686,36.51574567
0,644.3453645,1181.560002,11.28837499
0,815.1899321,1533.872754,76.40825667
1,955.8125839,804.7152333,85.07301373
0,879.7179125,952.8733738,76.64285188
0,397.8784814,2202.794635,22.85652586
0,560.4353082,953.5958692,77.808513
0,303.3275321,1812.908459,79.20305039
0,963.2408218,2272.615654,69.26864641
0,684.9397076,767.1923077,78.95043395
0,382.9142444,1918.280549,86.13292957
0,737.3605475,1141.406959,65.22437028
0,694.5025924,2907.317188,17.97442426
1,486.5301744,1708.864117,53.88650287
0,290.8460738,2514.981374,16.98844012
1,737.2585565,1875.566355,46.67887279
0,616.2461607,608.5313321,46.63958402
0,817.8547134,2082.878439,15.94088597
0,616.1308009,2878.508356,41.39384806
0,881.7452003,2004.02955,19.98982889
0,641.525471,2547.972149,82.7411689
0,648.7503772,2710.516158,95.29192234
0,901.3228821,1070.19943,16.50848277
0,522.786293,1030.1121,95.96036866
0,307.2121828,2027.452472,57.03189394
0,223.0261411,1527.571175,36.96091102
0,804.1098045,2599.653257,16.91758677
0,696.2476411,2750.057808,55.05618413
0,763.2638145,1383.553448,81.506399
0,370.3713292,1092.176397,73.63778295
0,309.0971805,2451.313788,14.52034103
0,211.6357325,1187.015089,16.56116518
0,480.470047,2556.535796,46.25859544
1,671.9341495,1559.345634,36.57614446
0,513.7952361,2168.874748,30.91458908
0,549.9799376,738.8382846,35.2904049
0,923.3269556,2059.648312,82.3134469
0,478.6043736,1629.419197,93.63052483
0,611.1915913,1966.521158,46.45924251
1,826.9224102,920.0355194,91.54999019
0,517.2342259,2342.184362,38.93461311
0,697.6693602,2656.992694,52.87932877
0,889.890967,1041.8495,30.3426098
1,959.6164989,739.2863888,67.6428438
0,317.6587847,559.0964651,98.10830037
0,941.2701001,2104.928751,64.31437864
0,593.6930345,2017.73509,42.20326757
0,406.5955106,1866.743532,68.30357014
0,567.308605,1079.86774,21.06286106
0,984.0260602,1477.26499,89.97931722
0,594.0944752,1986.190838,55.27755557
0,463.0012882,1741.917147,50.44147678
0,706.7206835,2969.463801,62.72783096
0,392.116495,841.0993814,66.23054765
0,260.6906625,2237.861385,16.45982256
0,303.1037775,1510.79692,71.43554991
0,302.4366712,1570.499037,31.77385123
0,321.5221548,2293.994414,74.25573693
0,311.0617381,2231.090378,84.02813149
0,712.6997958,2978.139984,82.35626568
0,345.5040675,820.9857236,59.72508707
0,476.5338267,760.2741235,56.81529031
0,917.4307279,2310.847043,22.85883652
0,579.1693122,1945.967293,79.78115354
0,734.0461908,1185.401666,34.42684424
0,337.855897,698.5484225,54.70258805
0,353.831215,714.145624,35.58466836
0,232.694893,2735.477187,22.04455267
0,335.1480505,979.6683118,66.66019272
0,422.8722712,1308.428905,14.88988313
0,341.6083874,1066.641006,77.37807107
0,270.962027,1387.490765,38.58281157
0,296.5086969,673.5596069,10.01212237
0,568.6230144,1797.649477,56.00162253
0,365.0669747,669.031409,14.21667177
0,491.4158888,2500.89127,34.8552602
0,602.7338167,1084.280205,73.62788387
0,752.3158629,1850.029787,15.64206595
0,231.4497119,2700.197719,85.54046431
0,839.5283191,2127.193423,10.34379304
0,702.3203116,1832.394466,32.21414823
0,265.4072256,1310.834383,76.68136505
1,898.8628993,1332.504783,38.46431348
0,936.6979204,2173.717388,19.17031493
0,248.8623679,2985.348403,42.42105269
0,421.5021185,2154.597975,34.33539577
0,844.9610238,1894.458543,85.84407119
0,798.6077523,2326.626276,38.20131258
0,347.6168155,1663.014031,81.00392246
0,367.4794587,650.3558565,90.26849303
0,496.3776822,1905.74204,49.04356776
0,587.6183882,2894.063211,91.89488295
0,694.6038172,938.2573559,43.95862486
0,495.1309117,2225.012227,96.76705748
0,570.0277729,1002.334222,18.03605721
0,797.9767505,1839.569211,71.83173399
0,229.3465623,741.6911241,54.44326364
0,401.9495555,1625.927341,44.88839249
0,770.6796687,2390.408322,66.94406909
1,916.1654701,1368.928811,73.34713825
0,609.3419537,2162.279311,10.39269427
0,625.6907882,2488.624902,25.02577799
0,285.7376091,2817.944549,74.17414456
0,557.9298935,1086.605205,69.97468722
0,626.0938132,1498.28979,96.94427546
0,393.9764029,881.0400333,78.49340112
0,415.3945848,2981.208755,95.5695437
0,501.8273305,2817.50242,73.22864514
0,216.0569582,1849.892826,36.82469878
0,457.6633325,2605.083236,19.482843
0,369.1584056,1802.394943,80.3641477
0,461.9978817,2058.96422,67.97342993
0,295.8097055,722.8110803,14.33674112
0,912.4218246,2388.176051,42.40454193
0,674.8739628,819.2837091,96.11198339
0,743.2818553,2565.169076,55.03610311
0,831.3369909,2455.070219,48.94562224
0,598.7537591,2271.861744,51.19296446
0,269.5362305,590.4009513,28.79944516
0,629.6852335,1257.82089,43.18364538
0,669.4728944,1157.781425,43.28319304
1,796.3515793,1400.341019,14.71195182
0,545.327637,719.1068669,79.08108657
0,302.0642422,2842.394558,47.48539887
0,427.0207246,1884.505602,83.99618981
0,490.4658371,1263.810777,86.5313201
0,716.7337931,1492.453793,29.07946492
0,656.6226437,1618.006351,69.1618134
0,484.8773807,2001.485833,52.50536237
1,989.212199,1789.198569,89.21410641
0,684.6198555,2798.479933,29.41666113
0,389.7814334,1742.408707,71.00318803
0,281.4259781,2980.395037,64.697691
0,322.2873113,2628.562394,36.57713298
0,396.7661827,1021.276286,22.29408133
0,328.5450986,2826.488037,68.64757844
0,349.2536192,790.9159947,76.47377123
0,428.076135,2543.624271,38.40646094
0,338.6988762,1451.558234,68.03493436
0,917.4123397,2694.935801,45.56178169
0,264.1869965,2670.141725,74.1886195
0,619.6091117,2514.8135,27.92937474
0,528.3174616,2475.076091,90.11935024
0,985.9028935,1261.697848,35.86686368
0,289.6311217,702.2982076,43.1007389
0,518.2844792,1507.450447,15.22827569
0,975.5763466,933.8112875,20.03609911
0,892.4057007,2237.377722,56.42757124
0,853.6576568,1365.249316,34.08334091
0,406.3222616,2939.025502,85.19322032
0,336.7100699,2102.430193,11.32240498
0,734.9145759,2556.201409,44.11846438
1,943.5007913,831.3116819,40.36109921
0,645.4103144,2655.036206,11.73948678
0,657.2901516,2806.892976,21.19315591
0,423.9832749,1717.654797,47.22784074
0,815.5943466,2015.632344,54.3578126
0,349.6349988,2412.024502,46.38607725
0,458.9433891,937.0965682,57.78439106
0,540.3491509,1756.415191,63.56185074
0,606.0883029,1496.657569,10.8931439
0,393.9277859,865.9349804,51.76856435
0,291.8694598,1418.836056,96.71493168
0,688.496034,670.4307735,56.71290521
0,430.9044426,564.5297674,70.97880407
0,664.9905771,837.9157229,38.06774721
0,323.4901722,2907.787779,79.65922403
0,584.9120815,1873.82384,79.56293337
0,626.071546,2914.555403,56.91664429
0,241.4588295,1581.244696,97.8412441
0,469.2834226,1279.540333,21.29951933
0,307.5317416,1765.354657,11.52528984
0,250.6999764,1598.779222,79.31423906
1,991.9681859,764.1617107,82.64399836
0,457.883076,2102.065787,20.81865062
0,847.8995567,1040.095456,33.90245497
0,403.7125238,2048.969887,11.5797127
0,745.2021778,2125.502731,36.39777497
1,808.1822879,880.0621328,79.58276865
0,676.5109925,653.3740678,56.61644749
0,577.2609508,2451.903965,41.32860339
0,529.4727313,1649.501059,43.45653654
0,479.0946132,645.4094888,10.12182631
0,943.6233154,2987.165793,36.98204748
1,864.4955262,644.4514025,68.18128675
0,972.0215285,2237.588072,97.67749994
0,299.4377788,2959.197313,86.23547443
0,784.6939802,1097.950261,12.12354682
0,950.6723655,855.6234217,90.87045442
0,344.9864529,803.4623486,80.4878572
0,253.1970139,1258.187869,80.23385112
1,792.8965194,752.6145275,51.21961831
0,659.5784905,2230.403354,45.82047637
1,873.4630214,655.7294953,37.26241559
0,311.8179013,1773.55532,15.91253731
0,836.2138495,2991.742135,30.54118271
0,361.301856,2534.925674,32.19432715
0,330.9247543,2038.048596,53.56693627
0,331.4126383,1265.634052,77.26999659
0,851.6597762,2059.739591,52.64288456
0,732.1577766,1817.60366,15.20600045
0,618.4523398,1565.20846,96.20108209
0,487.0643873,826.7759419,94.84518872
0,901.7604327,2716.510538,80.66705888
0,513.9560859,1624.461622,99.21951114
1,853.2795516,986.5562796,59.00340995
0,551.3079269,1419.398377,96.64915152
0,501.5555435,1535.324381,16.80445366
0,570.1438285,2568.844739,42.91126734
0,441.1022993,2334.035951,30.28431412
0,798.0875041,2423.262234,27.62497757
0,602.1763121,527.5781611,22.6722654
0,385.7701561,1540.384995,66.01722774
1,919.6596586,1703.360379,80.31896702
0,507.1129771,547.9806921,62.04685595
0,634.8422889,1149.533022,23.22664386
0,925.1776888,2400.724558,83.00113929
0,699.3903967,842.7742643,67.23592364
0,293.5184326,1838.275329,44.93491355
1,951.8656989,1038.00468,70.6717266
1,702.1664425,530.3019366,33.39144813
0,467.9244917,1103.003644,41.06729876
0,311.4176581,2939.684387,92.57372588
0,835.2201514,2503.84278,36.14540551
0,696.0582047,2898.941611,52.29894413
0,626.7688736,1719.63511,90.11270237
1,915.1140664,774.3404967,73.69492152
0,830.877769,1869.898722,15.59829035
0,321.3399038,1635.943336,23.25727399
0,449.3776542,2610.892707,10.70574317
0,398.7913119,745.206452,66.78296112
0,795.1570341,1720.602843,50.29060829
0,226.8259478,875.1216617,22.08473658
0,655.9117479,1311.689817,96.2140709
0,809.9669486,2343.392693,57.66937516
0,901.4125094,1690.045323,31.77039647
0,473.665399,1439.720713,55.0543214
1,857.0058437,1486.190696,71.16582995
0,288.5053896,1648.616921,16.86152962
0,877.1618334,2462.54136,34.72334335
0,301.9909299,2730.211722,82.62689418
0,517.8298324,2888.336716,51.36983834
0,837.8362926,2467.258466,59.19194278
0,319.9339419,1288.517239,48.9534402
0,383.4011162,2220.336765,13.95099484
0,777.8020547,1594.00781,24.91748018
0,776.0292292,1136.676555,50.09874749
0,712.9181063,2602.178949,28.82669189
0,755.1587556,596.0658724,14.49811258
0,634.1795547,2754.40498,85.92846976
0,401.4392471,1653.693662,98.30732762
0,476.5567948,2093.003692,81.38285866
0,345.2781734,2148.384806,86.84064295
0,926.7604491,2737.794352,31.77794173
0,666.7134358,2091.674205,96.4564278
0,520.6811334,2034.833962,27.7233134
0,569.6046429,666.6301014,95.62868293
0,957.8266717,1796.020055,99.53373646
0,322.6811225,875.422502,74.05505252
0,668.9838656,2343.584422,98.30293586
0,604.7109431,1780.554802,61.25858016
0,689.1633883,2200.569448,33.35876049
0,214.4881471,604.1822515,49.32962971
1,897.6991272,711.9800401,63.42048418
0,945.694626,2290.80847,16.57734058
0,652.1065469,680.21084,66.01089382
0,757.3206591,678.1418194,98.30600531
0,937.9995049,530.2711881,27.10968848
0,765.7909075,2891.253496,81.33356047
0,322.0312343,2343.770899,91.71089144
0,661.0306881,1383.128521,94.93314335
0,685.3720371,1241.338953,96.4122044
0,539.304537,1374.258074,56.93136748
0,789.1553885,2436.633828,97.95771172
0,947.4936118,2153.426528,78.15791864
1,940.4548103,962.9889197,24.55042926
0,560.6714971,935.2733383,52.92100958
0,290.5904367,745.9891243,74.64980578
0,987.8729592,2150.756799,32.26062842
0,871.1184692,2410.931656,67.65536652
0,299.730145,1162.616071,69.99404311
0,936.6735061,552.3624026,24.64297694
0,895.9170896,705.4291687,60.85767812
0,615.0704457,2919.650087,79.44642199
0,673.0203486,1238.611944,54.90060981
0,519.2021631,2423.05787,11.08928051
0,243.8093111,2061.658922,10.81346222
0,468.1577933,1454.849099,42.13264096
0,842.2827589,1014.218155,93.35746616
0,203.7056184,803.4660454,30.58091016
0,466.7993374,2037.53242,67.092732
0,518.5349549,2436.584452,29.98682836
0,629.9164824,2109.760634,38.95029907
0,935.8844931,1825.755333,86.32378806
0,477.0767955,604.8780586,75.5975298
0,477.5625615,2921.221944,18.58593496
0,790.0009985,2496.785479,48.58318189
0,561.7743527,1232.055092,12.62527873
0,379.6838584,2949.925823,53.28011319
0,561.9516129,2004.703974,69.61906105
0,312.6856163,1956.056646,20.66523612
0,341.1095892,2370.182949,35.9996445
0,598.6942182,2529.42447,45.8052963
0,535.1403596,2141.196518,92.75779222
0,931.8767209,820.2393659,99.39295139
0,489.9151193,1345.668765,14.04201691
0,664.4706802,2820.209101,78.49071311
1,705.8114303,1061.53903,43.45516598
0,210.4755653,1430.41756,45.32123676
0,730.8298976,1580.192207,77.8838476
0,342.4287735,1598.512474,92.65837889
0,968.856254,2032.348956,95.58357351
0,318.9301822,2857.689594,61.94103274
0,531.699299,1101.73178,42.14090434
0,268.2797345,803.7534408,80.87941773
0,997.4994015,993.6762246,32.59012449
0,601.7560083,2717.312251,60.7666626
0,676.3080139,2114.527032,42.27206154
0,253.6611819,1214.766973,69.09679663
0,799.9683763,2539.867347,31.63590216
0,367.9244745,2653.424991,27.24336512
1,918.4434316,2616.285847,92.6415178
0,364.1117124,2797.316334,19.16233147
0,352.5501765,1130.60255,55.5362117
0,229.2397343,2387.604822,29.87675047
0,577.6535561,1651.348743,13.5036967
0,651.8729066,2604.996382,13.24169365
0,252.5669115,2321.226693,25.76995949
0,820.4220934,2441.118616,88.00933191
0,562.6310678,2140.404594,35.42308696
1,619.5122155,943.5719237,95.54132535
0,552.6101976,1862.567297,62.34600637
0,520.6104487,2961.674349,49.29527708
0,647.712265,2843.470166,62.20799512
0,324.1921967,607.9343395,56.50285467
0,345.5425044,912.0370393,78.28986284
0,889.4284968,829.3219336,35.42464594
0,956.8923697,2314.949775,41.77453524
0,498.647453,2544.463325,90.46848723
0,416.5957385,1033.778416,95.18108618
1,715.1996346,1764.631732,90.33024047
0,526.9873369,2601.75757,47.75031946
0,220.3090845,2332.003862,80.23289527
0,324.9220779,1855.593014,52.870216
0,772.7777831,1975.869226,54.77858669
0,727.1391535,1770.901367,28.42120982
0,221.676794,1243.871128,63.20172729
0,377.5777295,1912.554982,26.7522308
0,384.8598373,2222.213255,39.84082292
0,737.5141949,2683.30729,86.95271815
0,215.7684302,2090.728385,28.63682283
0,283.2868656,2402.803843,16.40424567
0,839.9328683,900.1790874,16.21068334
0,342.8357296,1653.893686,94.67060685
1,722.1968863,523.3290496,55.62283942
0,390.5462248,1116.697161,46.84708646
0,279.5531142,2316.154288,82.97907229
0,394.5377528,2979.524878,85.22433351
0,777.8135455,747.945249,39.89719298
1,884.5571745,1503.73579,72.42562517
0,864.1758917,2500.177422,79.40105343
0,517.7468237,1010.089087,68.91856182
0,734.4681093,1887.712373,23.64355673
0,363.9874363,2332.67824,88.82947752
0,434.5181842,2039.963626,58.51850975
0,917.0686548,970.0618365,35.42251837
0,210.4015388,1388.461422,48.27053669
0,268.4068247,2459.479461,13.38139814
0,366.3090041,1885.566285,21.50801211
0,221.2257631,513.0740339,78.89920755
0,345.1483481,2402.4769,10.00104713
1,666.4332488,588.2783874,47.49092456
0,537.1396405,2364.334457,57.0259163
0,914.1373689,1006.2014,14.9170978
0,853.9548494,2895.1837,97.57703467
0,473.4538814,1419.851878,30.35127981
0,407.5387467,1317.329041,37.37788477
0,503.7539265,872.2201258,37.3548261
0,672.235954,1264.010539,30.73749959
0,414.4509127,2691.626905,10.13264399
0,699.3191263,2990.835844,75.64103147
0,527.5293218,1420.773826,97.01609498
0,641.6377447,1621.526577,30.1864135
0,548.9012233,2305.177346,69.67424726
0,435.5726076,2715.489451,76.77066943
0,958.7626456,1982.610835,86.35828412
0,810.8846353,1478.814245,48.03662773
0,312.0905406,1531.554602,37.26378151
0,894.7743807,2239.045366,39.27656206
0,589.9449586,508.045659,74.13591998
1,915.6417815,2048.973344,83.51015199
0,839.8842048,1388.732526,26.3452571
0,540.1708036,2485.493328,43.38469073
0,217.9754467,732.4765996,91.17461771
0,414.9418875,1970.505667,82.60241677
0,633.3073717,1702.432225,98.63725625
0,706.7825759,2105.813815,77.88234337
0,406.3101483,662.1339862,45.38756809
0,311.4848593,1949.959469,63.15740506
0,867.9441894,1903.71147,69.49128288
0,987.5217446,1901.650236,17.06102347
0,620.5521458,2008.719166,59.00472632
0,337.3434287,2191.169843,73.83887456
0,417.8458612,2512.472499,25.05891736
0,214.7125412,1174.5518,80.25685457
0,931.4390452,2562.623525,62.53955025
0,294.2008663,1745.639206,95.69996071
0,661.2131804,692.6456978,13.81800684
0,419.2441765,646.3773231,33.87935238
0,643.342402,1335.595797,64.13984914
0,721.1363107,2462.242443,36.6903921
0,863.793443,2269.202337,74.29817477
0,365.1370174,2471.537412,78.31047543
0,208.7966629,1793.172641,19.22643677
0,309.5085041,1600.497495,56.24690178
0,920.0149135,868.6313168,55.80015
0,899.1120621,1320.481884,43.23526932
0,677.9304817,1585.048415,93.96323763
0,680.4134883,721.5010742,84.47556879
0,732.0293396,1051.529882,72.74884437
0,340.2970229,1995.563235,74.28939722
0,931.5295567,2339.157786,51.55445294
0,535.0164199,2995.868778,92.8895069
0,506.5108226,2832.783328,72.51358845
0,615.1341642,2106.412999,75.60829555
0,237.5727734,1553.120133,87.55218134
0,333.026695,2090.443412,34.66644304
0,790.4268931,2464.129045,82.63638135
0,266.2389343,795.8404773,27.57165427
0,682.5216876,1524.762224,41.0807757
0,396.2792877,2599.505714,40.20494088
0,511.4364912,1459.58238,98.06729216
0,430.9549894,1929.680678,87.08835014
0,484.5381732,1969.423402,73.10528754
0,775.2367241,961.1906328,75.43510855
0,437.6973725,1405.588604,60.5865515
1,653.1237122,1336.278222,95.23816004
1,580.8403218,565.4917713,54.66328776
0,730.9369323,560.4794097,44.24659389
0,949.4637915,2579.242609,24.67318032
0,786.0576778,1182.677025,80.7585087
0,371.9523029,1795.196916,76.09995389
0,224.946508,1246.813934,44.59195347
0,409.8112354,2851.698113,12.26740726
0,676.0623446,1148.241897,85.50975949
0,241.1406508,1574.142032,11.02761851
0,597.0929978,2681.825626,73.33298017
0,677.4742791,2604.833917,97.32313988
0,467.3951127,965.2535446,49.38951953
0,816.729763,2506.608274,31.14760645
0,285.2786025,1645.467217,73.4383909
0,260.1102254,1707.42218,83.54153278
1,782.551005,833.699931,59.17872845
0,596.393053,701.5037844,97.03317477
0,750.7219171,2319.848267,14.65018495
0,547.8618709,1741.152881,55.43160385
0,397.1216266,1592.126757,74.66085526
1,855.2818541,2323.770572,87.6376424
0,839.5327032,2413.782247,26.13300507
0,755.7571767,897.2704192,82.00031336
0,417.7161098,2025.562874,59.74363681
1,672.1845335,838.3852057,45.68983138
0,488.7791176,2378.437715,21.85435257
0,273.2656587,2142.387891,87.8766183
0,933.8508604,2891.536553,24.15458874
0,309.4549047,672.3950409,37.88090733
1,960.1898831,642.6368029,36.10409788
0,556.8046184,1205.467687,88.42726308
